,UMAP0,UMAP1,labels
0,15.099235,11.385511,0
1,-4.9107165,10.400639,1
2,8.537259,5.5224857,2
3,0.67648214,5.480312,3
4,3.8305233,18.325003,4
5,2.870295,7.385914,5
6,4.0576367,-5.1282353,6
7,-6.5762725,17.503517,7
8,-2.1864169,9.307327,8
9,2.299305,8.294845,9
10,15.070212,11.465412,0
11,-4.3887877,11.924155,1
12,10.3751335,5.0093904,2
13,-0.51244223,6.077742,3
14,3.6650193,18.762943,4
15,-1.9558135,0.90970886,5
16,4.0779076,-4.588415,6
17,-5.8732886,16.846628,7
18,-2.953262,8.693108,8
19,2.565739,7.139356,9
20,14.954825,12.6111765,0
21,-4.179415,11.890626,1
22,10.046067,5.4317327,2
23,-0.87039346,6.184473,3
24,3.4863887,18.294815,4
25,-1.9911547,0.41792905,5
26,3.9735968,-5.238975,6
27,-5.3539352,17.438414,7
28,-2.5560248,9.020939,8
29,2.5696878,7.112761,9
30,15.426303,11.577204,0
31,2.6041875,7.167163,9
32,-1.4106284,1.580441,5
33,-1.7291827,1.1958736,5
34,4.194147,-4.554269,6
35,-1.710872,1.1759764,5
36,15.239977,12.459004,0
37,2.166755,7.139452,9
38,-3.3462899,8.874917,8
39,3.0865808,7.762365,9
40,-2.4823513,8.901403,8
41,3.5325902,18.862698,4
42,-4.398249,11.763452,1
43,-5.4675817,17.36009,7
44,-6.6593413,17.546185,7
45,-0.44362035,5.8368673,3
46,-1.891358,0.8371458,5
47,-4.2921476,11.533124,1
48,14.78683,11.640283,0
49,14.370431,12.056968,0
50,8.641054,5.4797673,2
51,8.492728,5.522102,2
52,-5.462628,17.405134,7
53,-2.6452873,9.176296,8
54,8.495074,5.5283017,2
55,14.956468,12.775647,0
56,-4.2204623,11.7837305,1
57,8.510716,5.519347,2
58,3.8099756,-5.134101,6
59,-0.6640673,6.1575975,3
60,-0.5808934,5.836695,3
61,-5.8062453,16.91531,7
62,-0.8685586,5.903669,3
63,-0.86713034,6.0115914,3
64,3.7460372,18.555435,4
65,3.662253,-4.75713,6
66,3.9728208,-5.1307344,6
67,2.7047756,-5.1950874,6
68,3.525236,19.213348,4
69,-7.3296385,17.475155,9
70,-4.3256845,11.46711,1
71,-1.4317696,1.6169403,5
72,14.931379,12.543932,0
73,2.8179622,7.3441496,9
74,-1.2058146,1.2556449,5
75,8.485583,5.531943,2
76,-3.1891358,9.219703,8
77,8.4229965,5.5652313,2
78,14.199939,11.926944,0
79,14.36529,12.075147,0
80,-4.22127,11.674864,1
81,-6.451325,17.358902,7
82,4.023229,-5.1412754,6
83,-0.9417117,5.9980717,3
84,10.384225,6.053636,2
85,-4.417348,11.43031,1
86,-5.4102917,17.274168,7
87,3.3165565,19.299896,4
88,4.1351237,-4.8624268,6
89,-0.86530465,5.910207,3
90,-4.401097,11.7633505,1
91,-0.9080702,6.1776595,3
92,3.2255878,7.6754727,9
93,-4.7583647,10.673341,1
94,-6.0368404,16.681591,7
95,4.0805836,-5.2564588,6
96,-3.3542757,8.875006,8
97,3.5335124,18.422781,4
98,-0.9440523,6.016333,3
99,-4.959175,9.694834,1
100,3.6718757,18.378193,4
101,14.754713,12.59549,0
102,-1.2887019,1.1273495,5
103,-1.8415326,7.2217813,3
104,3.763829,-5.316051,6
105,2.6490858,7.163336,9
106,4.189317,-5.06009,6
107,-4.4380326,12.036542,1
108,-5.697538,17.089586,7
109,-1.9386963,0.5427355,5
110,3.4285605,19.193882,4
111,3.5425832,19.230883,4
112,-6.227385,17.104364,7
113,9.722039,5.4957023,2
114,-2.9715574,9.289536,8
115,8.586834,5.5089316,2
116,8.850873,5.4661155,2
117,-2.1992338,0.59607804,5
118,-6.0756307,17.04333,7
119,2.5303965,7.1876535,9
120,-1.5257334,1.2381954,5
121,3.2923145,19.309454,4
122,-2.781658,8.76311,8
123,-2.5556078,9.210183,8
124,3.5424664,18.926498,4
125,2.7781115,8.096639,9
126,14.917655,12.667597,0
127,-3.6916735,8.997736,8
128,3.2885246,7.9503427,9
129,-4.8547535,9.564902,8
130,14.673572,11.839503,0
131,-4.0176754,12.459496,1
132,10.183695,6.1474977,2
133,-0.9598303,6.0512877,3
134,2.3557045,18.07975,4
135,-2.368856,0.36488858,5
136,2.826436,-4.6123986,6
137,-6.341397,16.736235,7
138,-2.4044058,9.213302,8
139,2.6683705,7.3002005,9
140,14.884935,12.25138,0
141,-4.342181,12.147374,1
142,9.9103985,6.1313677,2
143,-0.84674877,5.934151,3
144,2.3062236,18.040318,4
145,-2.1021502,0.84890187,5
146,3.9074903,-4.136212,6
147,-6.4401917,16.725578,7
148,-2.406958,9.612471,8
149,2.8962312,7.495266,9
150,14.6733885,12.472028,0
151,-4.298464,12.355378,1
152,9.623593,5.4036536,2
153,-0.92298335,6.1490927,3
154,2.3798099,18.091885,4
155,-2.4396265,0.11509178,5
156,3.9091768,-4.9360147,6
157,-6.908178,16.826813,7
158,-2.6959548,9.005267,8
159,2.8218236,7.4133615,9
160,15.246023,12.371636,0
161,2.795298,7.305115,9
162,-2.1680605,0.5980817,5
163,-2.523248,0.1423883,5
164,2.640023,-5.002819,6
165,-2.4476993,0.244211,5
166,15.272208,11.98313,0
167,2.5267189,7.443846,9
168,-2.46823,9.106588,8
169,2.6345708,7.170304,9
170,-3.1341498,9.097331,8
171,2.2847457,18.03582,4
172,-4.2031674,12.091651,1
173,-5.5098977,17.467985,7
174,-5.495681,16.70989,7
175,-0.7646476,6.212091,3
176,-2.0708635,0.55119437,5
177,-4.23261,12.374227,1
178,14.322707,12.036978,0
179,14.914165,12.730325,0
180,9.859095,5.90275,2
181,9.726308,6.0190463,2
182,-6.4237423,16.908247,7
183,-2.1586947,9.192106,8
184,10.649098,6.18939,2
185,14.890529,12.698243,0
186,-4.1262608,12.091489,1
187,10.529926,5.6755986,2
188,2.8942244,-5.0431952,6
189,-0.82593226,5.9585023,3
190,-0.9046543,5.9570913,3
191,-7.006537,16.825367,7
192,-0.9086608,6.2233667,3
193,-0.7913161,5.914149,3
194,2.3171203,18.070263,4
195,3.8850543,-4.8936796,6
196,2.9954534,-5.160673,6
197,2.7133598,-4.9608874,6
198,2.2355378,17.995401,4
199,2.7105486,7.7545314,9
200,-4.390902,11.930999,1
201,-2.1383574,0.46491647,5
202,14.594827,12.37628,0
203,2.930018,7.5915484,9
204,-2.5033553,0.1134952,5
205,9.47269,5.400417,2
206,-2.8762596,8.925167,8
207,9.819358,5.9584365,2
208,15.106119,12.697217,0
209,14.737936,12.694797,0
210,-4.199735,12.168646,1
211,-7.0732975,17.35257,7
212,2.7689457,-5.203768,6
213,-0.9479275,6.014106,3
214,9.879415,6.0038424,2
215,-4.4368505,12.014522,1
216,-6.969801,16.721645,7
217,-0.9566923,6.022436,3
218,-4.3228817,12.299812,1
219,-0.8795091,6.014184,3
220,2.648514,8.1824465,9
221,-4.178417,11.920762,1
222,-5.9129825,17.336353,7
223,4.112939,-4.703227,6
224,-1.9354032,9.040142,8
225,2.243529,17.968937,4
226,-0.9590738,6.0725327,3
227,-4.38878,11.94946,1
228,2.3093474,18.042036,4
229,14.438799,12.06089,0
230,-2.4037023,0.2527355,5
231,-0.884259,6.2105255,3
232,3.4211845,-4.0916796,6
233,2.8943505,7.3648806,9
234,2.7424507,-4.2712293,6
235,-4.2461233,12.036711,1
236,-6.869573,16.949072,7
237,-2.3364294,0.31053862,5
238,2.2962425,18.03751,4
239,2.3249485,18.036703,4
240,-6.9206657,16.738216,7
241,10.705544,6.2019386,2
242,-2.7054486,9.10615,8
243,10.643629,6.2576475,2
244,9.833862,5.9677434,2
245,-2.4861577,0.21989651,5
246,-2.1348515,0.5068817,5
247,2.4030092,18.023401,4
248,-2.4209592,9.183494,8
249,-2.3148468,9.117606,8
250,2.2594144,17.990362,4
251,2.2000241,8.382926,9
252,14.795618,12.562766,0
253,-1.9468061,8.995874,8
254,2.4618952,8.215208,9
255,-2.721956,9.336485,8
256,15.154567,11.5022545,0
257,-4.608226,9.817071,1
258,10.00025,5.7434006,2
259,0.83135706,5.535167,3
260,3.5213075,19.290888,4
261,-0.75520337,2.2768593,5
262,2.5230188,-4.548982,6
263,-5.695322,17.478994,7
264,-1.8966025,10.057154,8
265,-4.7206745,14.945391,9
266,14.591119,12.022087,0
267,-4.374703,10.7163105,1
268,10.065489,5.7938647,2
269,0.2605035,5.478975,3
270,3.4068632,19.139006,4
271,-2.249552,0.74738336,5
272,2.898937,-4.593968,6
273,-6.5758424,17.13775,7
274,-2.9358957,9.117648,8
275,-4.7729445,14.921589,9
276,15.013834,11.402742,0
277,-4.300204,10.087344,1
278,9.980852,6.014739,2
279,0.49208745,6.043723,3
280,3.2120726,19.27583,4
281,-1.07687,1.8415735,5
282,2.57291,-5.0734773,6
283,-5.4242835,16.623783,7
284,-2.9303076,9.160648,8
285,2.9993374,7.7935853,9
286,15.089463,11.314602,0
287,2.4892983,7.323959,9
288,-1.1124015,1.9904898,5
289,-0.4566126,1.8557869,5
290,3.3532956,-4.672474,6
291,-0.3542316,2.3103268,5
292,15.287442,11.318643,0
293,2.7874415,8.361269,9
294,-1.9419875,9.328104,8
295,2.2335937,7.88175,9
296,-2.0191386,9.590382,8
297,3.481629,18.758076,4
298,-4.6033416,9.435723,1
299,-6.5847588,17.052584,7
300,-5.3684235,16.616098,7
301,0.017789962,5.6884127,3
302,-1.1481022,1.9662983,5
303,-4.431012,9.997462,1
304,14.70714,11.520231,0
305,14.687382,11.349773,0
306,10.116497,6.2529106,2
307,9.79201,6.005652,2
308,-5.33987,17.38527,7
309,-1.9303714,10.390335,8
310,9.979966,5.7391434,2
311,14.801417,11.295082,0
312,-4.402159,11.96173,1
313,10.190907,5.9903784,2
314,2.5476053,-4.458052,6
315,0.5083807,5.3611107,3
316,-0.1270789,5.820358,3
317,-5.4302154,17.057201,7
318,0.4991603,5.808386,3
319,0.34413254,5.5704675,3
320,3.3481717,19.10701,4
321,2.6898663,-4.947602,6
322,2.70836,-4.937102,6
323,3.4378743,-4.545747,6
324,3.0856917,19.17752,4
325,-4.73687,14.907904,9
326,-4.806133,9.719671,1
327,-1.8107525,0.9688522,5
328,15.007677,11.653629,0
329,-4.8039284,14.991839,9
330,-1.1296037,1.9262519,5
331,9.982842,5.8346686,2
332,-1.9804616,9.951922,8
333,10.014046,6.187366,2
334,14.829161,11.335476,0
335,15.166412,11.570515,0
336,-4.411592,10.221248,1
337,-5.901598,16.701931,7
338,3.941977,-4.7264423,6
339,0.2079563,5.524788,3
340,9.738251,6.0752025,2
341,-4.3724713,10.423888,1
342,-6.007906,16.693855,7
343,3.422082,19.12071,4
344,2.4586637,-4.5348964,6
345,-0.2348253,5.9953475,3
346,-4.525392,10.106431,1
347,0.4923031,5.345587,3
348,-4.7573743,14.933586,9
349,-5.1680264,10.100028,1
350,-6.678987,16.79588,7
351,3.3221838,-4.606519,6
352,-2.552293,9.227559,8
353,3.561408,18.492802,4
354,0.5288289,5.3313394,3
355,-5.2189374,10.257779,1
356,3.4709857,19.506783,4
357,14.632386,12.022986,0
358,-0.7498525,2.1779513,5
359,0.48171812,6.1539373,3
360,2.6441555,-4.8052874,6
361,-4.771896,14.962066,9
362,2.6972857,-4.9678884,6
363,-4.5881534,9.404216,1
364,-6.8071237,16.733673,7
365,-1.2601018,1.414843,5
366,3.60758,18.040318,4
367,3.5539572,19.043365,4
368,-6.0734468,16.731138,7
369,9.936702,5.995279,2
370,-2.0189588,9.725738,8
371,10.0837555,6.255122,2
372,10.195581,5.947154,2
373,-0.45864862,2.043067,5
374,-5.5464225,16.872972,7
375,-4.3874035,13.600814,9
376,-2.5116446,0.34927684,5
377,3.253293,19.114046,4
378,-1.8051851,9.905685,8
379,-1.990413,9.798318,8
380,3.5170207,18.901205,4
381,-4.4066334,13.550605,9
382,14.548261,11.931826,0
383,-2.9282615,9.197267,8
384,-4.694885,14.898193,9
385,-0.3360968,6.1535625,3
386,14.360548,12.118091,0
387,-3.898354,12.374417,1
388,10.391477,5.162981,2
389,-0.048757464,5.8469825,3
390,2.3242555,18.100304,4
391,-1.4135652,1.7640918,5
392,3.3971672,-4.103271,6
393,-4.8945312,15.6321335,7
394,-2.080191,10.259267,8
395,3.2549999,7.7535634,9
396,14.680988,12.114647,0
397,-4.0764136,11.598529,1
398,10.374207,4.8387523,2
399,0.9996997,5.4803004,3
400,2.4170308,18.696804,4
401,-1.6786408,1.3301474,5
402,3.5612524,-3.9672208,6
403,-4.82091,15.525544,7
404,-2.6751912,9.053676,8
405,2.3883448,7.6662316,9
406,14.573784,12.396859,0
407,-4.0637803,11.85831,1
408,10.720085,5.329809,2
409,1.0064279,5.8680334,3
410,2.3712945,18.110418,4
411,-1.6043429,1.4314377,5
412,3.756191,-3.88508,6
413,-4.8348374,15.546552,7
414,-1.945772,10.638403,8
415,2.3247814,7.6684656,9
416,15.167854,12.259189,0
417,2.1143923,8.271162,9
418,-1.2053581,2.071209,5
419,-1.4485178,1.494108,5
420,3.7237415,-3.8209682,6
421,-1.26188,2.187997,5
422,14.627511,12.082373,0
423,2.0968292,8.280496,9
424,-2.2854745,9.957262,8
425,2.456899,7.9602914,9
426,-2.1384697,9.88293,8
427,2.6723983,18.276295,4
428,-4.0523105,11.961469,1
429,-4.846701,15.562075,7
430,-5.016358,15.773847,7
431,0.89175427,5.4737816,3
432,-1.4672914,1.6127799,5
433,-4.1561337,11.561598,1
434,14.366376,12.006078,0
435,14.529896,12.321332,0
436,10.350828,4.8582153,2
437,10.449186,5.226572,2
438,-4.8636837,15.566889,7
439,-1.9941977,10.513326,8
440,10.429712,5.066816,2
441,14.505454,11.580109,0
442,-9.567555,-0.9818303,1
443,10.334911,4.733698,2
444,3.0395403,-4.4937754,6
445,0.52512085,5.4737253,3
446,1.0390568,5.442848,3
447,-4.811253,15.523708,7
448,0.8992117,5.45991,3
449,1.0396519,5.425636,3
450,2.419856,18.392574,4
451,3.7418158,-3.9165688,6
452,3.560872,-3.9872231,6
453,3.779498,-3.8940415,6
454,2.367613,18.092287,4
455,2.5642276,8.0037985,9
456,-4.1238437,11.975681,1
457,-1.0812243,1.986072,5
458,15.1959915,12.001877,0
459,2.1024365,8.266044,9
460,-1.4291576,1.4961026,5
461,10.52211,5.1097198,2
462,-2.1652873,9.981658,8
463,10.559008,5.475889,2
464,14.766267,11.578646,0
465,14.359433,12.204098,0
466,-4.2470026,11.46745,1
467,-4.8396544,15.557904,7
468,3.6978333,-4.989955,6
469,0.9821922,5.487835,3
470,10.837701,5.6448126,2
471,-4.3012094,11.479483,1
472,-4.96751,15.75581,7
473,3.2041972,18.216602,4
474,3.8856776,-3.921363,6
475,0.99314505,5.4064364,3
476,-4.2891755,11.801466,1
477,0.9499987,5.508895,3
478,2.4303567,8.024058,9
479,-4.058741,11.735248,1
480,-4.768498,15.141569,7
481,3.8466146,-3.8367887,6
482,-1.9102011,9.824163,8
483,2.4301126,18.520905,4
484,0.8998501,5.456184,3
485,-4.073927,11.623698,1
486,2.4514277,18.223873,4
487,14.4508915,12.227154,0
488,-1.4730042,1.6164403,5
489,1.0364211,5.433949,3
490,3.709403,-3.9791074,6
491,2.0649762,8.269131,9
492,3.642084,-5.4438925,6
493,-4.0700064,12.00886,1
494,-4.8262644,15.548413,7
495,-1.559976,1.3961339,5
496,3.08631,18.180696,4
497,2.6309524,18.102432,4
498,-4.817229,15.505075,7
499,10.629123,5.637255,2
500,-1.8540776,10.109279,8
501,10.76816,5.4106045,2
502,8.553646,5.513851,2
503,-1.9727572,0.6472598,5
504,-4.8761406,15.585721,7
505,2.3552573,8.04307,9
506,-1.4826928,1.5249114,5
507,3.1718192,18.25721,4
508,-2.5281515,9.329595,8
509,-2.637374,9.358389,8
510,2.2875986,18.067366,4
511,3.2448456,8.041987,9
512,14.838669,11.643594,0
513,-2.0423872,10.114794,8
514,2.3724718,8.1072445,9
515,-2.110192,10.105253,8
516,15.106293,11.859065,0
517,-9.731216,-1.1486274,1
518,9.910393,4.5339923,2
519,0.99587095,7.2585716,3
520,2.5782511,19.344357,4
521,-0.9528845,2.0892158,5
522,3.513214,-5.0469046,6
523,-7.1100245,17.376263,7
524,-1.7087878,8.938773,8
525,2.0527244,8.197376,9
526,14.540906,11.381716,0
527,-9.618806,-1.0336187,1
528,9.997867,5.0896306,2
529,0.86275125,7.2783732,3
530,2.7685678,19.50986,4
531,-0.58549607,2.2076383,5
532,3.1214159,-4.7483826,6
533,-6.5629973,17.476036,7
534,-1.624317,8.987408,8
535,2.362599,8.152487,9
536,15.163694,11.7352915,0
537,-9.593402,-1.0097686,1
538,10.160247,4.962399,2
539,0.84676695,7.3904333,3
540,2.4700809,18.920609,4
541,-0.7892157,2.2158601,5
542,3.2553215,-4.897907,6
543,-5.401081,17.467184,7
544,-1.669103,9.097739,8
545,2.0106769,7.904266,9
546,15.1873665,11.806386,0
547,-2.749262,9.214278,9
548,-1.2354926,1.8581357,5
549,-0.5633464,2.3060384,5
550,3.4408703,-5.155114,6
551,-0.7211045,2.2624254,5
552,14.360481,11.57582,0
553,3.2712648,8.021676,9
554,-1.7198532,8.981745,8
555,1.9098771,8.116298,9
556,-1.5253602,8.953305,8
557,2.6422563,19.19528,4
558,-9.550402,-0.966566,1
559,-5.938095,17.084644,7
560,-6.3139353,17.414642,7
561,0.94897723,7.2966366,3
562,-0.8456566,2.174498,5
563,-9.585079,-1.0065588,1
564,14.806607,11.714024,0
565,14.151028,11.717754,0
566,9.959977,4.9367204,2
567,10.067857,5.033373,2
568,-6.9580774,17.421476,7
569,-1.4820573,8.978382,8
570,10.01474,4.952253,2
571,15.109245,11.36587,0
572,-9.495808,-0.9111175,1
573,10.069915,4.998844,2
574,3.462844,-5.2594385,6
575,1.0116135,7.31075,3
576,0.16438837,6.5181847,3
577,-5.4050007,17.462471,7
578,0.92613685,7.328657,3
579,0.93703234,7.323855,3
580,2.8465664,19.106178,4
581,3.258527,-4.9541907,6
582,3.5035124,-5.1403646,6
583,3.1722655,-4.833726,6
584,2.7120206,19.451397,4
585,3.0139167,8.245907,9
586,-9.542482,-0.96056366,1
587,-0.952354,2.051131,5
588,15.001165,12.290198,0
589,2.611272,8.213214,9
590,-0.6589586,2.2746253,5
591,10.076615,4.7632675,2
592,-1.5018065,8.926186,8
593,10.048507,5.735284,2
594,14.809056,11.676644,0
595,15.207757,11.832438,0
596,-9.563608,-0.9813956,1
597,-6.666734,17.33398,7
598,3.306538,-5.017025,6
599,1.0029526,7.386569,3
600,10.50737,6.005808,2
601,-9.59945,-1.0174158,1
602,-6.4411106,17.484095,7
603,2.5571969,19.312336,4
604,3.5438368,-5.316389,6
605,0.87784797,7.3422046,3
606,-9.551741,-0.9702792,1
607,0.89926094,7.33924,3
608,2.0086775,8.198094,9
609,-9.697039,-1.1155738,1
610,-6.4704056,16.95152,7
611,3.5325358,-5.0610514,6
612,-1.5678381,8.967394,8
613,2.5391605,19.20185,4
614,0.92316914,7.299663,3
615,-4.293351,9.496905,1
616,2.5397193,19.297958,4
617,15.338652,11.679909,0
618,-0.5741674,2.3557365,5
619,0.9283551,7.26978,3
620,3.5609865,-5.031799,6
621,1.9614916,8.107655,9
622,3.5301006,-5.2105126,6
623,-9.751768,-1.1696976,1
624,-6.3606133,17.212078,7
625,-0.9408851,2.0731277,5
626,2.5030823,19.037844,4
627,2.8750858,19.068453,4
628,-7.0194116,17.08202,7
629,10.063377,5.0244827,2
630,-1.8037131,9.094594,8
631,10.04785,5.564672,2
632,10.056217,5.0100803,2
633,-0.9619496,2.0358322,5
634,-6.4188867,17.495245,7
635,2.5928009,7.8012094,9
636,-0.6613491,2.2206676,5
637,2.5695171,19.361214,4
638,-1.6621908,8.926062,8
639,-1.527766,8.946291,8
640,2.5862153,19.376116,4
641,2.9761207,8.273871,9
642,14.926588,11.711741,0
643,-1.4951273,8.949111,8
644,2.388265,7.717606,9
645,-1.6520668,8.940545,8
646,15.351328,12.036461,0
647,-4.41023,9.757638,1
648,9.526373,5.988706,2
649,0.016973395,5.6668797,3
650,2.3963816,18.072447,4
651,-0.8662993,1.6127313,5
652,2.7637835,-5.0882626,6
653,-6.4190564,17.347815,7
654,-1.972331,9.82388,8
655,-4.3326426,13.475142,9
656,15.549979,11.333425,0
657,-4.495301,9.390979,1
658,9.476649,5.969835,2
659,0.05808813,5.801565,3
660,2.3713193,18.09914,4
661,-1.9209858,0.3813627,5
662,2.7420352,-4.9528418,6
663,-5.421987,17.509142,7
664,-2.3911114,9.4592085,8
665,-4.336855,13.436639,9
666,15.220725,12.334331,0
667,-4.616559,9.403366,1
668,9.517148,5.9483633,2
669,0.12200209,5.52786,3
670,2.8928883,18.146101,4
671,-1.9829254,0.28646007,5
672,2.7135992,-4.8699646,6
673,-5.2197957,17.324545,7
674,-1.9576378,9.769306,8
675,-4.342534,13.441355,9
676,15.134954,11.580951,0
677,-4.3099885,13.395115,9
678,-0.7776272,1.425493,5
679,-2.004214,0.4639061,5
680,2.6676276,-4.9358826,6
681,-2.0278895,0.3247878,5
682,14.603023,12.231901,0
683,-4.2367043,13.0430355,9
684,-2.4169238,9.677343,8
685,-4.3477945,13.388208,9
686,-2.2069073,9.772588,8
687,2.5317245,18.236914,4
688,-4.229442,9.7698765,1
689,-5.2001553,17.296118,7
690,-5.142395,17.215143,7
691,-0.16857612,6.0380077,3
692,-2.030925,0.43843463,5
693,-4.1897902,9.77622,1
694,15.000537,12.452619,0
695,15.219274,11.435447,0
696,9.39903,5.483942,2
697,9.476278,5.8613186,2
698,-5.353067,17.432657,7
699,-2.697586,9.430507,8
700,9.284991,5.5139923,2
701,15.081611,12.7671,0
702,-4.6137686,10.160421,1
703,9.241227,5.4046154,2
704,2.6554642,-5.1903534,6
705,-0.027362198,5.9321156,3
706,0.058588177,5.6431346,3
707,-5.2491555,17.481133,7
708,-0.037215233,6.0975237,3
709,0.08217628,5.6148458,3
710,3.0722497,18.881407,4
711,2.4505215,-4.7181525,6
712,3.3542402,-4.4174194,6
713,2.422632,-4.6984496,6
714,2.3896022,18.110731,4
715,-4.287445,13.369494,9
716,-4.393317,9.5653515,1
717,-0.8445185,1.2866527,5
718,15.13864,12.516621,0
719,-4.2681775,13.261714,9
720,-0.79165554,1.3686289,5
721,9.40427,5.590222,2
722,-1.9265758,10.207381,8
723,9.644883,5.8984356,2
724,15.269007,12.190806,0
725,14.896532,11.966063,0
726,-4.5981293,10.161881,1
727,-5.277426,17.404459,7
728,2.7883053,-4.746432,6
729,-0.07666425,5.827564,3
730,10.153751,6.3746095,2
731,-4.289955,9.358387,1
732,-5.16844,17.32944,7
733,2.40186,18.173481,4
734,3.8277931,-5.088764,6
735,0.07648546,5.879059,3
736,-4.34605,9.44169,1
737,0.5216074,5.277979,3
738,-4.2968917,13.283947,9
739,-4.3312845,9.57199,1
740,-5.285654,17.407879,7
741,2.49739,-4.585371,6
742,-2.8074481,9.578984,8
743,2.574068,19.386816,4
744,0.53591526,5.264165,3
745,-4.3775277,9.579303,1
746,-6.4827843,17.413885,4
747,15.011999,12.297259,0
748,-0.826573,1.469837,5
749,0.18132445,5.4542766,3
750,3.9260836,-4.942554,6
751,-4.3474746,13.401984,9
752,3.960322,-4.913631,6
753,-4.3330092,9.686222,1
754,-5.279595,17.408632,7
755,-2.1275256,0.4279329,5
756,2.4870253,19.029057,4
757,3.421803,19.561918,4
758,-5.27493,17.38388,7
759,9.531483,5.9983573,2
760,-3.0517626,9.174027,8
761,9.52016,5.963157,2
762,9.493736,5.9620175,2
763,-2.1546502,0.28701887,5
764,-6.365698,17.354977,7
765,-4.383204,13.439432,9
766,-2.4383273,0.08432403,5
767,2.5134614,18.915445,4
768,-1.9696796,10.024241,8
769,-3.1569266,9.237936,8
770,3.2278445,19.589405,4
771,-4.3044066,13.46997,9
772,15.145179,11.904036,0
773,-1.9644022,9.735682,8
774,-4.3553524,13.407322,9
775,-2.7968242,9.353369,8
776,14.76128,11.256925,0
777,-5.285277,10.217487,1
778,10.1176605,6.2156973,2
779,0.5160579,5.239385,3
780,2.6288686,18.77605,4
781,-2.195543,0.7810255,5
782,3.3211255,-3.8226948,6
783,-5.8506937,16.802614,7
784,-2.8496451,9.947739,8
785,2.5076063,7.531896,9
786,14.453948,11.460616,0
787,-5.2791996,10.303639,1
788,10.319094,5.989952,2
789,0.3625244,5.4866247,3
790,2.745951,18.7039,4
791,-2.5764515,0.18353616,5
792,3.2355735,-3.823941,6
793,-6.5797462,17.075832,7
794,-4.2487216,11.511168,8
795,3.113711,7.997683,9
796,15.0314455,11.247907,0
797,-4.719921,10.1466255,1
798,10.169534,6.379589,2
799,0.45703518,5.7664046,3
800,2.6067045,18.907036,4
801,-2.4911635,0.21968485,5
802,3.7668347,-3.8154666,6
803,-6.5558662,16.878445,7
804,-2.9599023,9.285065,8
805,2.4221716,7.690487,9
806,14.750604,11.387189,0
807,3.2294142,7.984923,9
808,-2.088577,0.9358272,5
809,-2.2567842,0.32065046,5
810,2.9248648,-4.093645,6
811,-2.2145088,0.78418267,5
812,14.916548,11.400334,0
813,1.2332106,7.3954287,9
814,-1.9991348,10.427097,8
815,3.1878376,8.033069,9
816,-2.0729022,10.757092,8
817,3.5128987,18.461609,4
818,-4.160081,9.604014,1
819,-6.8352914,16.822538,7
820,-5.7722125,16.835608,7
821,0.36424735,5.8462353,3
822,-2.1333039,0.6985764,5
823,-4.31835,9.564902,1
824,14.865435,12.024122,0
825,15.084932,11.608427,0
826,9.814742,5.8794165,2
827,10.588681,6.28798,2
828,-6.9488425,16.764069,7
829,-2.10286,10.830401,8
830,10.104504,6.346105,2
831,15.478207,11.948597,0
832,-9.44071,-0.8559184,1
833,10.845857,5.613102,2
834,4.0442395,-4.7272778,6
835,0.40602767,5.6920834,3
836,0.2547233,5.688097,3
837,-6.229141,16.82004,7
838,-0.38131708,6.139248,3
839,-0.44154224,6.185602,3
840,2.655757,18.82487,4
841,3.6169958,-4.0174685,6
842,2.8971763,-4.132982,6
843,3.430593,-3.8129284,6
844,2.5918574,18.832916,4
845,2.603946,7.6189165,9
846,-4.1445785,9.878834,1
847,-2.0546944,0.9142278,5
848,15.224733,12.477881,0
849,2.500251,8.113745,9
850,-2.0871513,0.81192017,5
851,10.241578,6.333693,2
852,-2.5557568,9.619709,8
853,10.5470495,6.2685795,2
854,15.187158,12.691136,0
855,14.575681,11.424492,0
856,-4.648833,9.422373,1
857,-6.3185306,16.849691,7
858,2.966769,-4.510262,6
859,-0.13465966,5.924841,3
860,9.403126,5.368183,2
861,-4.5098476,9.757161,1
862,-5.812317,17.473957,7
863,3.8965447,18.290106,4
864,3.711203,-3.814774,6
865,0.5331067,5.4484878,3
866,-4.9621286,9.763313,1
867,0.35420355,5.596558,3
868,3.3007133,7.996579,9
869,-4.952482,9.763976,1
870,-6.886794,16.720318,7
871,3.0942082,-4.110317,6
872,-2.867384,9.892522,8
873,2.5662234,18.839533,4
874,0.50586563,5.5430665,3
875,-4.8143296,10.034144,1
876,3.6864405,17.863472,4
877,15.048291,11.390166,0
878,-2.0253518,0.9526892,5
879,-0.39538124,5.9347973,3
880,4.192547,-4.550057,6
881,2.5394516,7.4625645,9
882,2.5174453,-4.981182,6
883,-4.2912054,9.937106,1
884,-6.450031,16.833452,7
885,-2.3815744,0.25679338,5
886,2.502321,18.886074,4
887,3.4237545,18.61765,4
888,-6.260929,16.77882,7
889,10.398025,6.356898,2
890,-2.24973,10.915654,8
891,-5.173834,16.90721,2
892,9.521465,6.031907,2
893,-1.8245044,1.1423895,5
894,-6.99852,17.410738,7
895,3.2910652,7.9936924,9
896,-2.494487,0.27014098,5
897,2.7052658,18.713343,4
898,-2.1729233,10.868422,8
899,-1.8596163,8.906365,8
900,3.7173817,17.93996,4
901,3.2794068,8.066901,9
902,15.047634,11.912529,0
903,-2.2042859,10.869996,8
904,3.1869533,7.8131075,9
905,-3.1152258,9.897645,8
906,-9.451673,-0.8665203,1
907,10.053529,5.7708983,2
908,0.7965788,6.068133,3
909,3.9347773,18.432037,4
910,-1.0140564,2.0600405,5
911,2.4724429,-4.9336634,6
912,-5.470982,16.349957,7
913,-2.0136573,9.7533455,8
914,2.3419302,7.3929286,9
915,14.484206,11.374145,0
916,-9.449757,-0.8643851,1
917,10.847383,5.955103,2
918,0.7889528,5.635906,3
919,3.9704335,18.36373,4
920,-0.46482876,2.4115622,5
921,2.4385471,-5.011863,6
922,-5.675892,16.44331,7
923,-1.9787115,9.8315325,8
924,2.252211,7.7588854,9
925,14.466252,11.432362,0
926,-9.454277,-0.86913955,1
927,10.185735,5.465394,2
928,0.9252658,5.568406,3
929,4.052875,18.835665,4
930,-0.28270322,2.5743845,5
931,2.3851445,-4.628355,6
932,-5.392953,16.377626,7
933,-1.9280198,9.743676,8
934,2.2188115,7.522157,9
935,14.587404,11.773869,0
936,3.0809357,7.852679,9
937,-0.3280752,2.492884,5
938,-0.705583,2.2082329,5
939,2.8202393,-4.674074,6
940,-0.31767893,2.5224855,5
941,14.533473,11.305748,0
942,2.2340202,7.81468,9
943,-1.9464978,9.854491,8
944,2.5446289,7.54506,9
945,-2.0661397,10.001889,8
946,3.8538969,19.29726,4
947,-9.760567,-1.1787412,1
948,-5.7858777,16.388004,7
949,-5.410331,16.426907,7
950,0.90366644,5.5596733,3
951,-0.3069237,2.5637598,5
952,-9.652981,-1.0682915,1
953,10.418814,5.3224645,2
954,-5.682384,16.436266,7
955,-1.8381947,10.054893,8
956,10.057352,4.6557975,2
957,14.574744,11.465312,0
958,-9.593954,-1.0085789,1
959,10.178644,5.015372,2
960,2.4548144,-4.8620887,6
961,0.68343234,5.864828,3
962,0.7001499,5.8356533,3
963,-5.5612836,16.39166,7
964,0.906919,6.2238007,3
965,0.98211426,5.717001,3
966,4.053061,18.932146,4
967,2.9374332,-4.571365,6
968,2.6494107,-4.5519977,6
969,2.5302496,-4.8431964,6
970,4.0543513,18.804518,4
971,2.311478,7.390948,9
972,-9.769559,-1.1871438,1
973,-0.5882741,2.296546,5
974,14.474289,11.26314,0
975,2.1915963,7.474479,9
976,-0.44065836,2.3807952,5
977,10.014675,4.6253295,2
978,-1.9533017,9.999339,8
979,10.068369,4.682761,2
980,14.648308,11.244166,0
981,14.272987,11.665552,0
982,-9.6207075,-1.0364989,1
983,-5.9103155,16.788818,7
984,2.5229084,-4.7251024,6
985,0.9024527,6.254652,3
986,10.624054,5.5364532,2
987,-9.480586,-0.89533097,1
988,3.7223642,17.843845,4
989,3.5701714,-4.5686755,6
990,0.6785955,6.1365957,3
991,-9.629995,-1.0456172,1
992,0.90341085,6.022342,3
993,2.304289,7.5989003,9
994,-9.76244,-1.1798975,1
995,-5.5142684,16.392159,7
996,3.1330676,-4.5740147,6
997,-1.9459407,10.486901,8
998,4.062287,18.984465,4
999,0.5036194,5.8195453,3
1000,-9.763895,-1.1813188,1
1001,3.9985783,18.457506,4
1002,14.622512,11.432249,0
1003,-1.0165439,1.9508809,5
1004,0.8955046,5.805387,3
1005,2.5812473,-4.5493727,6
1006,2.2979732,7.6498017,9
1007,2.776419,-4.41522,6
1008,-9.561652,-0.9763264,1
1009,-5.3937817,16.399797,7
1010,-0.37654525,2.5228858,5
1011,3.9425159,18.54073,4
1012,3.924069,19.333925,4
1013,-5.8187137,16.443369,7
1014,10.156717,5.0971847,2
1015,-1.9170889,9.838869,8
1016,10.099737,4.608732,2
1017,10.765304,5.35636,2
1018,-0.28518933,2.5108833,5
1019,-5.529512,16.420849,7
1020,2.868542,7.6444807,9
1021,-0.4797852,2.0548732,5
1022,3.8470838,19.447428,4
1023,3.7160559,19.481909,4
1024,2.0014129,7.6539893,9
1025,14.463612,11.300764,0
1026,-1.942266,10.427923,8
1027,2.3110366,7.8189273,9
1028,-1.9418948,9.881093,8
1029,15.106161,11.367757,0
1030,-4.220042,9.723036,1
1031,10.377165,5.9985666,2
1032,0.3944532,6.245468,3
1033,3.8122609,19.42534,4
1034,-1.7855726,0.89896643,5
1035,2.4259403,-4.5511513,6
1036,-6.077567,16.561031,7
1037,-2.8875737,9.098823,8
1038,0.85559696,6.036632,9
1039,14.459472,12.078841,0
1040,-4.264358,9.794024,1
1041,9.801539,5.332603,2
1042,0.44236502,6.327122,3
1043,3.9146454,19.396404,4
1044,-1.616516,1.2653612,5
1045,2.830433,-4.1282067,6
1046,-5.8237057,16.410025,7
1047,-2.776039,8.665095,8
1048,1.975051,7.556506,9
1049,14.319209,11.822365,0
1050,-5.145722,10.127423,1
1051,10.03303,4.6516495,2
1052,0.14660142,6.2641273,3
1053,3.8021975,19.386843,4
1054,-1.0576955,1.9890262,5
1055,2.8961768,-4.6129503,6
1056,-6.1379023,16.527565,7
1057,-2.1411555,9.224558,8
1058,1.9272026,7.48522,9
1059,14.422158,11.614747,0
1060,2.606915,8.334633,9
1061,-1.6119076,1.0252737,5
1062,-1.8111026,0.951441,5
1063,4.0982027,-4.583174,6
1064,-1.718408,0.9310301,5
1065,14.437246,12.193732,0
1066,1.9934213,7.4899173,9
1067,-1.9998546,9.463607,8
1068,2.6855273,8.401345,9
1069,-2.3821573,9.178547,8
1070,3.9540467,19.301558,4
1071,-4.1820097,9.714307,1
1072,-6.0126643,16.41351,7
1073,-5.863185,16.498894,7
1074,-0.08996423,6.1190352,3
1075,-1.3360549,1.5590813,5
1076,-4.971488,9.840807,1
1077,14.414635,11.940928,0
1078,14.320743,11.817915,0
1079,-6.1242623,16.404558,7
1080,-2.794383,8.656074,8
1081,9.870586,4.5915437,2
1082,14.082917,11.691793,0
1083,-4.5311995,9.4386215,1
1084,9.997913,4.6750197,2
1085,3.692116,-4.999764,6
1086,0.21150209,6.260123,3
1087,-0.13049203,6.1228495,3
1088,-6.133064,16.399958,7
1089,0.28762025,6.183554,3
1090,0.16210547,6.262588,3
1091,3.7016199,19.489584,4
1092,2.923873,-5.160817,6
1093,3.7283773,-4.416826,6
1094,3.476347,-4.6474094,6
1095,3.359536,19.596804,4
1096,1.9709488,7.5879946,9
1097,-5.2440476,10.1408,1
1098,-0.98539895,1.485274,5
1099,14.570857,11.644966,0
1100,-2.9420025,8.812637,9
1101,-1.9771686,0.61128557,5
1102,10.302058,4.7802405,2
1103,-2.1092718,9.300566,8
1104,9.873012,4.501449,2
1105,14.143003,11.628308,0
1106,14.144043,11.653004,0
1107,-4.8126283,9.573962,1
1108,-6.7361484,17.1179,7
1109,3.9908688,-5.0687017,6
1110,0.33548465,6.2974105,3
1111,10.4747505,5.1513705,2
1112,-5.1314535,10.223199,1
1113,-6.1820397,16.447031,7
1114,3.7959065,19.449413,4
1115,2.9454126,-5.121601,6
1116,0.36674112,6.288934,3
1117,-4.111398,9.774567,1
1118,-5.3767304,17.367695,3
1119,1.951092,7.5027585,9
1120,-4.581739,10.041464,1
1121,-5.935631,16.430735,7
1122,3.3836846,-4.471608,6
1123,-2.167114,9.193383,8
1124,3.6160743,19.51019,4
1125,0.30320692,6.3359466,3
1126,-4.9184036,9.628567,1
1127,3.6047633,19.270433,4
1128,15.0052805,11.456439,0
1129,-1.3873833,0.99035496,5
1130,0.1770325,6.214224,3
1131,3.953938,-5.2997766,6
1132,2.881149,7.638357,9
1133,2.9343128,-4.395604,6
1134,-4.93774,9.694308,1
1135,-6.591886,17.52677,7
1136,-0.90621954,1.5100329,5
1137,3.7388084,18.784416,4
1138,3.7778783,19.487867,4
1139,-6.4824557,16.771248,7
1140,10.679494,5.288744,2
1141,-2.8962858,8.781166,8
1142,9.892914,5.213552,2
1143,9.971515,4.545079,2
1144,-1.8178971,0.8775367,5
1145,-6.165025,16.467844,7
1146,2.7045004,7.798364,9
1147,-1.0019674,1.2663025,5
1148,3.5322378,19.053146,4
1149,-1.9696374,9.363044,8
1150,-2.3234515,8.9880905,8
1151,3.517055,19.45124,4
1152,1.8929958,7.534326,9
1153,14.359576,11.717848,0
1154,-2.6545749,8.858277,8
1155,2.8273919,7.756462,9
1156,-2.4701717,8.913271,8
1157,14.89312,11.574808,0
1158,-4.3293643,11.434517,1
1159,10.28536,6.141897,2
1160,0.40930927,6.040824,3
1161,3.5105798,18.969799,4
1162,-0.7343491,1.462478,5
1163,2.4296997,-4.5245175,6
1164,-6.842722,17.484056,7
1165,-1.8713647,9.8785925,8
1166,2.1799486,8.236595,9
1167,15.30151,11.335614,0
1168,-4.2865267,11.554263,1
1169,10.037164,5.466526,2
1170,-0.19050242,6.0924234,3
1171,3.9396315,18.319487,4
1172,-0.7470705,1.5810616,5
1173,3.4717712,-5.2071958,6
1174,-5.870648,17.265093,7
1175,-3.3351178,9.041703,8
1176,2.5205274,7.1907873,9
1177,15.191198,11.646431,0
1178,-4.925297,10.02277,1
1179,9.560584,5.9486294,2
1180,0.20271659,6.3221393,3
1181,2.7131717,19.083155,4
1182,-2.5733995,0.19078298,5
1183,3.4574168,-4.4925656,6
1184,-5.3183036,17.509705,7
1185,-3.295509,8.911012,8
1186,2.2509124,8.39745,9
1187,15.571279,11.330279,0
1188,2.501008,8.278668,9
1189,-1.0415586,1.5601677,5
1190,-1.7054689,1.3599826,5
1191,3.604641,-4.579567,6
1192,-2.1028373,0.80249304,5
1193,15.4584,11.493334,0
1194,2.751697,8.319129,9
1195,-2.9976277,8.723079,8
1196,2.4410753,8.17309,9
1197,-3.1190188,8.71724,8
1198,3.9252949,18.352459,4
1199,-4.305878,9.9076185,1
1200,-6.9569077,17.300701,7
1201,-6.7018266,17.486675,7
1202,-1.7871312,7.169849,3
1203,-0.79603976,1.3779144,5
1204,-4.5362177,10.990201,1
1205,15.513274,11.583666,0
1206,15.537757,11.498427,0
1207,9.651614,5.422733,2
1208,9.51837,5.961342,2
1209,-6.5397983,17.353657,7
1210,-3.1370263,9.041294,8
1211,10.087388,6.2587833,2
1212,15.581491,11.346991,0
1213,-5.427804,10.223223,1
1214,9.976705,5.723171,2
1215,3.825838,-3.913131,6
1216,0.017851213,6.2626204,3
1217,-0.5074531,6.206534,3
1218,-6.833729,17.5422,7
1219,-0.5922822,6.24924,3
1220,-0.24607278,6.1604195,3
1221,3.7185676,18.035616,4
1222,3.6096878,-4.397022,6
1223,3.6902335,-4.7724924,6
1224,3.6493816,-4.873429,6
1225,3.6332405,18.896322,4
1226,2.8621953,7.6228986,9
1227,-4.858404,9.601596,1
1228,-2.081209,0.26283962,5
1229,15.623459,11.307896,0
1230,2.693503,8.4054575,9
1231,-0.9326161,1.3903742,5
1232,9.873364,5.6929936,2
1233,-2.9001722,8.6707,8
1234,9.554098,5.352916,2
1235,15.607815,11.308387,0
1236,15.536289,11.368196,0
1237,-5.1949863,10.183255,1
1238,-6.940753,17.334322,7
1239,3.3901849,-4.4334083,6
1240,-0.7767561,6.2206554,3
1241,9.855024,6.0097666,2
1242,-4.8164425,10.398173,1
1243,-6.9880333,17.197412,7
1244,3.67302,18.56394,4
1245,3.6656563,-4.3386545,6
1246,-0.66527975,6.091454,3
1247,-4.951419,9.679006,1
1248,0.37842202,5.9394298,3
1249,2.492075,8.290614,9
1250,-4.8635206,9.656456,1
1251,-6.568698,17.170654,7
1252,3.6375487,-4.357802,6
1253,-2.847243,8.628999,8
1254,3.590304,18.652485,4
1255,0.24000248,6.000325,3
1256,-4.8864255,9.582727,1
1257,3.5357628,18.371586,4
1258,14.991396,11.991922,0
1259,-2.6153862,0.21392103,5
1260,-0.78451186,6.2440376,3
1261,3.6569896,-4.7239466,6
1262,2.8043947,8.147039,9
1263,3.7956843,-4.2998867,6
1264,-4.9450154,9.637891,1
1265,-6.9964247,17.435524,7
1266,-2.4299207,0.28822646,5
1267,3.685218,18.197807,4
1268,3.6108353,18.836597,4
1269,-5.524146,17.504143,7
1270,10.14646,6.3837543,2
1271,-2.875939,9.763376,8
1272,10.033416,6.2324424,2
1273,9.865895,5.72828,2
1274,-2.3581502,0.114330575,5
1275,-5.794131,17.54262,7
1276,2.655723,8.301738,9
1277,-2.1346035,0.47602516,5
1278,3.7816582,18.5033,4
1279,-3.3878534,8.85467,8
1280,-2.8699954,8.6280365,8
1281,3.328566,19.13936,4
1282,3.084661,7.732353,9
1283,15.5507345,11.314873,0
1284,-2.839258,8.729015,8
1285,2.7003503,8.382826,9
1286,-2.8796995,8.693233,8
1287,14.340963,11.783353,0
1288,-3.8231313,12.394357,1
1289,9.883041,4.5637,2
1290,-0.07443944,6.163982,3
1291,3.6954846,17.84946,4
1292,-0.48852703,1.9691012,5
1293,4.1697598,-4.259684,6
1294,-7.068051,17.225958,7
1295,-2.9453444,9.312628,8
1296,2.3741364,7.7403803,9
1297,15.023778,12.179438,0
1298,-4.793331,10.406498,1
1299,9.969326,4.4309626,2
1300,-0.15886346,6.163444,3
1301,3.7199092,17.861517,4
1302,-0.8686718,1.7812586,5
1303,4.102257,-4.3340807,6
1304,-5.79905,16.942358,7
1305,-3.1877456,9.288624,8
1306,2.632547,8.028902,9
1307,14.852318,12.209642,0
1308,-4.2459826,12.37335,1
1309,9.88048,4.4820395,2
1310,0.8173229,5.686931,3
1311,3.6974592,17.825611,4
1312,-0.95126057,1.2803555,5
1313,3.9103928,-4.2228203,6
1314,-6.1913075,17.087034,7
1315,-3.054873,9.041224,8
1316,2.5845819,8.205533,9
1317,14.1570015,11.851009,0
1318,2.9274619,8.112098,9
1319,-1.0318341,1.3171475,5
1320,-1.1058117,1.2241544,5
1321,3.9900546,-4.2849307,6
1322,-1.405314,1.6027251,5
1323,15.173906,12.690226,0
1324,2.8027701,7.9465737,9
1325,-2.629013,8.988145,8
1326,2.2827957,8.243888,9
1327,-2.8306346,9.301496,8
1328,3.7481937,17.880096,4
1329,-5.34803,10.12762,1
1330,-5.54698,16.69785,7
1331,-6.2056193,17.127333,7
1332,0.28358066,6.125405,3
1333,-1.0243269,1.330307,5
1334,-5.333468,10.226366,1
1335,15.090041,12.277833,0
1336,15.015516,12.482092,0
1337,9.85098,4.423374,2
1338,9.880581,4.351724,2
1339,-6.180518,17.018303,7
1340,-3.1725402,9.2046995,8
1341,9.934814,4.309353,2
1342,15.4834385,11.724705,0
1343,-4.06909,11.968011,1
1344,9.84224,4.4412203,2
1345,3.8390665,-3.888857,6
1346,-0.4210565,5.9319215,3
1347,-0.068362415,5.8283467,3
1348,-6.9378376,17.441105,7
1349,0.11644986,6.1971874,3
1350,0.2630691,6.181799,3
1351,3.7705643,17.90513,4
1352,3.8239098,-3.850235,6
1353,3.8217921,-3.876867,6
1354,3.8567777,-4.0313997,6
1355,3.6423814,18.1321,4
1356,2.5176039,7.385963,9
1357,-5.207201,10.202154,1
1358,-0.8349189,1.3493751,5
1359,15.183351,11.551542,0
1360,2.8127005,7.99596,9
1361,3.1586733,-4.8441167,5
1362,10.261195,4.8355556,2
1363,-2.7677798,9.642162,8
1364,9.9317045,4.2779193,2
1365,15.224622,11.375612,0
1366,14.934636,12.138243,0
1367,-4.256724,11.513208,1
1368,-6.785292,17.487768,7
1369,3.9753253,-4.3506565,6
1370,0.21318124,5.901628,3
1371,10.062276,4.742659,2
1372,-5.2413473,10.293117,1
1373,-6.968583,16.806332,7
1374,3.638626,18.1024,4
1375,4.0127044,-4.276177,6
1376,-0.5499311,6.190911,3
1377,-5.3909526,10.297342,1
1378,0.58071274,5.8794622,3
1379,2.5218349,7.8060355,9
1380,-5.174452,10.172862,1
1381,-5.683657,16.985725,7
1382,4.021836,-4.363262,6
1383,-2.8003461,8.641128,8
1384,3.7325022,17.84019,4
1385,0.018617444,5.9159813,3
1386,-5.1862125,9.881028,1
1387,3.5462425,18.74751,4
1388,14.935273,12.292527,0
1389,-1.3730863,0.9861775,5
1390,0.3299538,6.066792,3
1391,3.947254,-4.126294,6
1392,2.9716852,8.19628,9
1393,3.7702823,-3.8930316,6
1394,-5.1954494,9.874453,1
1395,-6.679447,16.935078,7
1396,-1.5374507,1.1531003,5
1397,3.874386,18.379745,4
1398,3.8070717,18.442526,4
1399,-5.444765,17.264051,7
1400,9.869833,4.49542,2
1401,-2.6371524,8.776913,8
1402,10.007217,4.6123905,2
1403,10.004739,4.631287,2
1404,-0.71038175,1.4133925,5
1405,-6.346871,17.279922,7
1406,2.8407347,8.30122,9
1407,-1.4022311,1.6785632,5
1408,3.8273807,18.490814,4
1409,-3.2213917,9.292804,8
1410,-3.216141,9.20301,8
1411,3.6467464,18.170118,4
1412,3.0740964,8.155154,9
1413,15.102536,12.600309,0
1414,-2.9966779,8.808948,8
1415,14.448375,11.410241,0
1416,-3.8454142,12.386937,1
1417,10.821686,5.651182,2
1418,0.9225733,5.3886423,3
1419,2.57931,19.338774,4
1420,-0.79277045,2.075048,5
1421,2.7832527,-4.2822986,6
1422,-5.330079,16.480011,7
1423,-1.9678262,10.44284,8
1424,2.9921017,7.906363,9
1425,14.337141,12.012219,0
1426,-3.8897507,12.456846,1
1427,10.8835745,5.64532,2
1428,0.9463921,5.584539,3
1429,2.5214279,18.958324,4
1430,-0.447815,2.0590854,5
1431,2.7536707,-4.226601,6
1432,-5.280584,16.554573,7
1433,-1.9577926,10.470625,8
1434,3.2064538,7.703469,9
1435,14.605674,11.356774,0
1436,-4.0072184,12.218215,1
1437,10.825231,5.538945,2
1438,0.650518,5.4334764,3
1439,2.570052,19.177027,4
1440,-0.3360355,2.3551052,5
1441,2.4967341,-4.4557376,6
1442,-5.330224,16.474333,7
1443,-1.9363132,10.442016,8
1444,2.730638,7.663972,9
1445,14.387403,11.8961735,0
1446,2.8771894,7.848542,9
1447,-0.44110283,2.025394,5
1448,-0.43435004,2.0338974,5
1449,3.0889366,-4.6834235,6
1450,-0.49378502,2.052189,5
1451,14.406315,11.877116,0
1452,3.1747842,7.799113,9
1453,-2.098489,10.383129,8
1454,3.0713778,7.6215715,9
1455,-2.0405467,10.430268,8
1456,3.0339472,18.686213,4
1457,-3.966109,12.428389,1
1458,-5.5649858,16.542683,7
1459,-5.531348,16.466692,7
1460,0.39253908,5.8970575,3
1461,-0.60099095,2.3711953,5
1462,-3.9357376,12.509774,1
1463,14.588715,11.709769,0
1464,14.431114,11.687751,0
1465,10.670561,5.2838063,2
1466,10.788264,5.469856,2
1467,-5.275827,16.6665,7
1468,-2.1872888,10.963823,8
1469,10.846008,5.3935804,2
1470,14.148279,11.843525,0
1471,-3.8700235,12.460868,1
1472,10.881926,5.4538026,2
1473,2.7737637,-4.2033,6
1474,0.92457,5.516826,3
1475,0.7060858,5.895025,3
1476,-5.398397,16.57055,7
1477,0.78771704,5.6772857,3
1478,0.4392877,5.95934,3
1479,2.552971,19.031612,4
1480,2.5905101,-4.397475,6
1481,2.3650987,-4.851884,6
1482,3.0139003,-4.613275,6
1483,2.6060796,18.99982,4
1484,2.7041514,7.5117936,9
1485,-3.8529978,12.471243,1
1486,-0.4203876,1.9912131,5
1487,14.267244,11.978261,0
1488,2.9434009,7.610747,9
1489,-0.8874658,1.3604188,5
1490,10.857295,5.520469,2
1491,-1.9783375,10.610608,8
1492,10.864894,5.4359965,2
1493,14.177428,11.866822,0
1494,14.574798,11.542757,0
1495,-3.8461673,12.498226,1
1496,-5.496122,16.793016,7
1497,2.789326,-4.20778,6
1498,0.6382091,5.8086357,3
1499,10.749932,6.103964,2
1500,-3.838064,12.400479,1
1501,-5.676411,16.592947,7
1502,2.6344545,18.965895,4
1503,2.8828287,-4.148799,6
1504,0.2521296,5.609078,3
1505,-4.049025,12.169955,1
1506,0.53403324,5.94278,3
1507,3.1412306,7.876654,9
1508,-3.8995345,12.45721,1
1509,-5.432542,16.559137,7
1510,2.9835265,-4.3240466,6
1511,-2.0228758,10.714258,8
1512,2.5533135,19.180738,4
1513,0.65370333,6.110898,3
1514,-3.8765056,12.479637,1
1515,2.612985,19.122768,4
1516,14.299956,11.81033,0
1517,-0.53748745,2.3946428,5
1518,0.55574995,5.6017094,3
1519,2.9866767,-4.315702,6
1520,2.763607,7.6279707,9
1521,3.3781474,-4.5370464,6
1522,-3.8612354,12.478592,1
1523,-5.2837663,16.375294,7
1524,-0.34426662,2.5671272,5
1525,2.531301,19.02035,4
1526,2.764633,19.460022,4
1527,-5.3243937,16.605112,7
1528,10.7383995,5.283559,2
1529,-2.0815992,10.825482,8
1530,9.74534,5.1035986,2
1531,10.921853,5.5049944,2
1532,-0.6148188,1.8876544,5
1533,-5.3471203,16.50193,7
1534,2.862127,7.951505,9
1535,-1.0046464,1.8092602,5
1536,2.5119822,19.000538,4
1537,-2.0707095,10.798212,8
1538,-2.031835,10.677711,8
1539,2.7083445,18.710007,4
1540,3.290514,7.735637,9
1541,14.73617,11.50561,0
1542,-2.1153054,10.855406,8
1543,3.269371,7.76184,9
1544,-2.0456922,10.678448,8
1545,15.152864,12.462519,0
1546,-5.2143974,10.176749,1
1547,9.973466,5.2633657,2
1548,-0.63514006,6.024641,3
1549,3.4569237,19.221573,4
1550,-2.2831573,0.34520856,5
1551,4.175594,-4.2611704,6
1552,-7.180472,17.290419,7
1553,-4.729234,10.246669,8
1554,-4.3062167,13.433233,9
1555,14.9403515,12.578186,0
1556,-4.9187803,9.672905,1
1557,10.004956,4.3565173,2
1558,-0.44305956,5.981854,3
1559,3.449941,19.245796,4
1560,-2.254575,0.25334668,5
1561,4.1618156,-4.306442,6
1562,-4.2441998,13.542288,9
1563,15.1271105,12.383505,0
1564,-4.852406,9.537052,1
1565,10.287457,4.7313213,2
1566,-0.5668624,6.1836333,3
1567,3.174447,19.465508,4
1568,-1.840124,0.95365185,5
1569,4.284718,-4.9229503,6
1570,-7.1207867,17.389185,7
1571,-3.8127086,9.047093,8
1572,-4.2990446,13.503287,9
1573,15.120768,12.812844,0
1574,-4.268315,13.464135,9
1575,-2.0955985,0.92686236,5
1576,-2.6310952,0.10141028,5
1577,4.0117908,-4.16545,6
1578,-2.3496106,0.21841975,5
1579,14.871699,11.9314,0
1580,-4.6954007,14.792696,9
1581,-3.0063124,9.02939,8
1582,-2.1084616,1.019854,9
1583,-1.9544084,8.9338455,8
1584,3.277481,19.069336,4
1585,-5.4105606,10.274276,1
1586,-6.6444316,17.117907,7
1587,-7.113922,17.172915,7
1588,-1.7873204,7.171541,3
1589,-2.6004276,0.0512262,5
1590,-5.2978325,10.040328,1
1591,15.039836,12.759739,0
1592,15.14849,11.619233,0
1593,9.94635,4.256621,2
1594,10.370231,5.3225884,2
1595,-7.134102,17.156818,7
1596,-3.083537,9.070827,8
1597,9.949396,4.2892513,2
1598,14.833876,12.618781,0
1599,-4.9950843,9.690969,1
1600,9.551288,6.0463395,2
1601,4.149451,-4.338813,6
1602,-1.8072815,7.1966023,3
1603,-1.8354685,7.2216625,3
1604,-7.0978165,17.02941,7
1605,-6.0665984,16.716991,3
1606,-1.8375618,7.2364206,3
1607,3.245182,19.524393,4
1608,4.1910806,-4.6690073,6
1609,4.2943206,-4.741573,6
1610,4.1301723,-4.3567924,6
1611,-7.3634453,17.481783,4
1612,-4.364706,13.615382,9
1613,-5.2689915,9.99259,1
1614,-2.4060678,0.28824788,5
1615,15.027357,12.786021,0
1616,2.5805042,7.2164016,9
1617,-1.3533134,1.1065749,5
1618,9.978097,4.312459,2
1619,-2.1094058,8.938825,8
1620,14.221625,11.569561,0
1621,-5.324304,10.017639,1
1622,-7.0236382,17.129646,7
1623,4.131329,-4.1967936,6
1624,-0.7644248,6.2098403,3
1625,10.275785,6.176851,2
1626,-5.437744,10.224196,1
1627,-6.969019,16.728388,7
1628,-7.3366814,17.47226,4
1629,4.255239,-4.579193,6
1630,-0.72247124,5.9742107,3
1631,-5.4184914,10.260254,1
1632,-0.51358634,5.959077,3
1633,-4.7422924,14.918499,9
1634,-5.2375484,10.152696,1
1635,-7.12631,17.231213,7
1636,3.9587824,-4.4416456,6
1637,-2.174279,8.875415,8
1638,3.205896,18.93876,4
1639,-0.64577705,6.018186,3
1640,-5.4368067,10.299621,1
1641,3.3949718,19.15871,4
1642,15.115451,12.684881,0
1643,-1.9039979,0.90344507,5
1644,-0.63284904,5.950068,3
1645,4.325129,-4.7688212,6
1646,2.745114,7.240599,9
1647,4.0254908,-4.851542,6
1648,-5.484319,10.357855,1
1649,-6.280844,17.17278,7
1650,-2.2510884,0.64839655,5
1651,3.462296,19.163866,4
1652,3.0532157,19.554605,4
1653,-6.8489504,16.912151,7
1654,10.636228,5.68282,2
1655,9.8244295,4.529097,2
1656,-2.2390683,0.26640192,5
1657,-7.115987,17.112083,7
1658,-0.52511716,5.8602934,9
1659,-1.8536774,0.87625724,5
1660,-7.3510213,17.479702,4
1661,3.343467,19.216072,4
1662,-2.2089097,0.9215137,9
1663,15.202935,11.580685,0
1664,-2.603768,8.934039,8
1665,-4.7409887,14.913101,9
1666,-2.4270728,8.924259,8
1667,14.397085,12.056177,0
1668,-4.4168596,9.413622,1
1669,10.556023,5.3854046,2
1670,0.46654338,5.215636,3
1671,3.9291644,18.253872,4
1672,-0.8184706,1.9050766,5
1673,3.2300415,-5.1915326,6
1674,-6.526704,17.490913,7
1675,-2.3553827,8.948997,8
1676,2.342016,7.785414,9
1677,14.397681,12.201536,0
1678,-4.240111,9.63963,1
1679,9.56865,5.9041967,2
1680,-1.5164593,6.9044294,3
1681,3.5113423,18.606226,4
1682,-0.8114464,1.6933907,5
1683,2.9549232,-4.3551555,6
1684,-5.655559,17.148478,7
1685,-2.8414137,8.708903,8
1686,2.7039456,8.092501,9
1687,14.404306,12.110228,0
1688,-4.5502486,9.409688,1
1689,9.586342,5.5842376,2
1690,0.14912131,5.1786613,3
1691,3.6138296,18.615194,4
1692,-0.7726103,1.7407885,5
1693,3.1111639,-5.0110765,6
1694,-6.4912286,17.47471,7
1695,-2.2036436,9.002363,8
1696,2.620573,7.326888,9
1697,14.994769,11.42168,0
1698,2.965824,7.6862426,9
1699,-1.157788,1.4857905,5
1700,-1.0626665,1.7663366,5
1701,2.9896386,-4.9184923,6
1702,-1.375126,1.6739029,5
1703,15.254358,12.40377,0
1704,3.3119495,7.654945,9
1705,-2.066158,9.425874,8
1706,3.180337,7.829504,9
1707,-2.7919242,8.671059,8
1708,3.500098,18.722427,4
1709,-4.2965517,9.452829,1
1710,-5.4452705,16.456957,7
1711,-5.3921247,17.476194,7
1712,-1.7078261,7.0946813,3
1713,-0.7665136,1.7336112,5
1714,-4.3337345,9.752247,1
1715,14.665941,12.175626,0
1716,15.062382,11.356406,0
1717,10.749792,6.1010237,2
1718,10.83546,5.6099825,2
1719,-6.550921,16.881767,7
1720,-2.9662528,8.821174,8
1721,10.751758,6.062557,2
1722,15.17756,12.279763,0
1723,-4.5035973,9.418358,1
1724,10.920397,5.622377,2
1725,3.116149,-4.405705,6
1726,-1.4441929,6.858765,3
1727,-1.5259719,6.946799,3
1728,-6.274733,16.694868,7
1729,0.60993576,5.249567,3
1730,-1.5412456,6.942541,3
1731,3.7609317,18.778307,4
1732,3.736171,-5.3567176,6
1733,2.9256866,-4.84439,6
1734,2.6379933,-5.1925597,6
1735,3.9669094,18.269104,4
1736,2.4934475,8.007445,9
1737,-4.14885,9.683986,1
1738,-0.92090094,2.034154,5
1739,14.67831,12.039811,0
1740,2.7297566,7.8257766,9
1741,-0.7958515,1.7118096,5
1742,10.49804,5.319278,2
1743,-2.211762,9.105312,8
1744,9.522446,5.9257426,2
1745,14.911972,11.688884,0
1746,14.418579,12.180324,0
1747,-4.171487,9.627329,1
1748,-6.9500895,16.734411,7
1749,3.7654645,-5.2848067,6
1750,-1.1987176,6.661451,3
1751,9.625644,5.608186,2
1752,-4.1600194,10.220384,1
1753,-6.7819347,16.74161,7
1754,3.9862814,18.280464,4
1755,3.9804258,-5.1499553,6
1756,-0.61863947,6.2571945,3
1757,-4.100931,9.8354435,1
1758,0.2784282,5.4362245,3
1759,2.5349643,8.099333,9
1760,-4.4480186,9.485562,1
1761,-6.1400394,17.108406,7
1762,3.3519678,-5.224645,6
1763,-2.9293985,9.329062,8
1764,3.782803,18.13675,4
1765,0.124943875,5.1031404,3
1766,-4.1601233,9.665346,1
1767,3.763403,18.514832,4
1768,14.836016,12.501724,0
1769,-0.80478704,2.1207113,5
1770,-0.00400451,5.6690707,3
1771,4.2083573,-5.0456085,6
1772,2.5483677,8.063435,9
1773,2.943779,-4.454673,6
1774,-4.14216,9.679986,1
1775,-6.9474735,17.343548,7
1776,-0.79732496,1.7010784,5
1777,3.8889134,18.34892,4
1778,3.8694432,18.059393,4
1779,-5.862905,17.427662,7
1780,10.603332,5.31319,2
1781,-2.1674225,9.057175,8
1782,10.770824,5.3842254,2
1783,10.951015,5.598879,2
1784,-0.7327233,1.7762284,5
1785,-6.9001303,16.85513,7
1786,3.044155,7.4035892,9
1787,-0.74228376,2.1113265,5
1788,3.8643537,18.201838,4
1789,-3.045406,8.860416,8
1790,-3.767094,9.758958,8
1791,3.6073945,18.561813,4
1792,2.9951863,7.922962,9
1793,15.310387,12.299014,0
1794,-2.6645172,9.373149,8
1795,2.3015392,8.361038,9
1796,-2.110666,9.204456,8
